American Premium Record Guide: 1915-1965: 78's, 45's and LP's
Cursed: A New Fear; House of Whispers; Forbidden Secrets (Fear Street Saga)
A Dilli-Mumbai Love Story: ...when love won over terror
Captain America: The First Avenger
White Men Can't Jump
The Equalizer
DAMN.
Don't You Fake It
BOLLYWOOD TOP OF THE CHARTS (30 CHARTBUSTER HITS) (AUDIO CD)
"Real Madrid - Sports Poster / Print (James Rodriguez #10 In Action) (Size: 24"" x 36"") (By POSTER STOP ONLINE)"
Bragg Usda Organic Raw Apple Cider Vinegar, 32 Fluid Ounce
Building Your Next Big Thing with Google Cloud Platform: A Guide for Developers and Enterprise Architects
[3 Pack]Google Pixel Screen Protector Full Coverage 9H Hardness Shatter-Proof Easy-to-Install Tempered Ballistic Glass Film for Google Pixel with Lifetime Warranty
Introducing Windows Azure for IT Professionals
Basic Marketing Research: Using Microsoft Excel Data Analysis, 3rd Edition
Tabular Modeling in Microsoft SQL Server Analysis Services (2nd Edition) (Developer Reference)
Cracking the Tech Career: Insider Advice on Landing a Job at Google, Microsoft, Apple, or any Top Tech Company
DuckDuckGo Search & Stories
The Spoon Sessions
Foreign and Domestic (A Jake Mahegan Thriller)
Let Us C - 14th Edition
