Anything But Khamosh: The Shatrughan Sinha Biography|Bharathi S. Pradhan
Bollywood|Fuad Omar
Bollywood Blonde|Gene Gualdi
Mindful Eating, Mindful Life|Thich Nhat Hanh
Planting Seeds|Thich Nhat Hanh
Relationship Rules|Richard L. Weaver II
1,000 Places to See Before You Die|Patricia Schultz
100 Ways to Build Self-Esteem and Teach Values|Diana Loomans
A Time Remembered|Jooske Willebeek-LeMair
Between You & Me|SIKHA BHATTACHARYA
Pokémon|Inc Scholastic
Adventures of Sherlock Holmes|Sir Arthur Conan Doyle
Pokémon|Inc Scholastic
Heroism in the Harry Potter Series|Katrin Berndt
2 States|Chetan Bhagat
The 3 Mistakes of My Life (English)|Chetan Bhagat
A Comics Studies Reader|Jeet Heer
The 3 Mistakes of My Life (English)|Chetan Bhagat
2 States|Chetan Bhagat
Five Point Someone: What Not to Do at Iit|Chetan Bhagat
2 States|Chetan Bhagat
Minecraft Recipes For Dummies|Jesse Stay
The Child in the Bible|Marcia J. Bunge
Five Point Someone: What Not to Do at Iit|Chetan Bhagat
